{
    "format_version": "1.16.0",
    "sound_definitions": {
        
        "bmwa": {
        	"category": "ui",
            "sounds": [
                {
                    "name": "sounds/music/bmwa",
                    "volume": 1.0
                }
            ]
        },
        "xz": {
        	"category": "ui",
            "sounds": [
                {
                    "name": "sounds/music/xz",
                    "volume": 1.0
                }
            ]
        },
        "dshh": {
        	"category": "ui",
            "sounds": [
                {
                    "name": "sounds/music/dshh",
                    "volume": 1.0
                }
            ]
        },
        "alone": {
        	"category": "ui",
            "sounds": [
                {
                    "name": "sounds/music/alone",
                    "volume": 1.0
                }
            ]
        },
        "oldmemory": {
        	"category": "ui",
            "sounds": [
                {
                    "name": "sounds/music/oldmemory",
                    "volume": 1.0
                }
            ]
        }
    }
}